Zipcode,Order#,City,State,length
33166,"[3024272732, 3024337953, 3024295233, 3024147364, 3024147362, 3023867019, 2995656479, 2995656479, 2995656479, 2995656479, 2995656479, 2995656479, 2995656479, 2995656479, 2995656479, 2995656479, 2995656479, 2995656479, 2995656479, 2995656479, 2995656479, 2995656479, 2995656479, 2995656479, 2995656479, 2995656479, 2995656479, 2995656479, 2995656479, 3023358950, 2944510921, 2944510921, 2944510921, 2944510921, 2944510921, 2944510921, 2944510921, 2944510921, 2944510921, 3023615080, 3015903676, 3015903676, 3015903676, 3015903676, 3015903676, 3015903676, 3015903676, 3015903676, 3015903676, 3015903676, 3015903676, 3015903676, 3015903676, 3015903676, 3015903676, 3015903676, 3015903676, 3023280557, 2903321044, 2903321044, 2903321044, 2903321044, 2903321044, 2903321044, 2903321044, 2903321044, 2903321044, 2903321044, 2903321044, 2903321044, 2903321044, 3023124380, 3019717717, 3002464576, 3023016371, 3022923353, 3022885520, 2885638638, 2885638638, 2885638638, 2885638638, 2885638638, 2885638638, 2885638638, 2885638638, 2885638638, 2885638638, 2885638638, 3022794079, 3021374545, 3021374545, 3022691597, 2937701322, 2905460188, 3022603150, 2964565662, 3022556014, 3022412845, 3011530721, 3022030402, 2932248348, 2932248348, 2932248348, 2932248348, 2932248348, 3022037294, 3022037294, 3021782873, 3021707774, 2984712659, 2984712659, 2984712659, 3017493549, 3017493549, 2907478672, 2907478672, 2951983902, 2951983902, 2951983902, 3020856735, 3020586358, 3020586358, 3020586358, 3020426528, 3014053716, 3019825041, 3019825041, 3020085748, 3019392992, 3019392992, 3019392992, 3019392992, 3019392992, 3019392992, 3019392992, 3019392992, 3019392992, 3019392992, 3019392992, 3019392992, 3019392992, 3019392992, 3019392992, 3019392992, 3019392992, 3019392992, 3019392992, 3019392992, 3019392992, 3019392992, 3019392992, 3019392992, 3019392992, 3019392992, 3019392992, 3019392992, 3014452609, 3013639448, 3013639448, 3019522734, 3019522734, 2891514332, 3019111724, 2976488983, 2976488983, 3018865359, 3018865350, 3014405135, 2861646362, 2861646362, 2861646362, 2817058270, 2817058270, 2817058270, 2817058270, 2817058270, 2978458847, 2976322625, 2976322625, 2976322625, 2976322625, 2976322625, 2976322625, 2976322625, 2976322625, 2976322625, 2976322625, 2976322625, 2976322625, 2976322625, 2976322625, 2976322625, 2976322625, 2976322625, 3017808251, 3016254912, 3016293122, 3011628323, 2994852609, 2994852609, 2994852609, 3015671561, 3014736257, 3008257392]","[nan, 'MIAMI', 'MIAMI SPRINGS', 'DORAL', 'DORAL', 'MIAMI', 'MIAMI', 'MIAMI', 'MIAMI', 'MIAMI', 'MIAMI', 'MIAMI', 'MIAMI', 'MIAMI', 'MIAMI', 'MIAMI', 'MIAMI', 'MIAMI', 'MIAMI', 'MIAMI', 'MIAMI', 'MIAMI', 'MIAMI', 'MIAMI', 'MIAMI', 'MIAMI', 'MIAMI', 'MIAMI', 'MIAMI', 'MIAMI', 'MIAMI', 'MIAMI', 'MIAMI', 'MIAMI', 'MIAMI', 'MIAMI', 'MIAMI', 'MIAMI', 'MIAMI', 'DORAL', 'MIAMI', 'MIAMI', 'MIAMI', 'MIAMI', 'MIAMI', 'MIAMI', 'MIAMI', 'MIAMI', 'MIAMI', 'MIAMI', 'MIAMI', 'MIAMI', 'MIAMI', 'MIAMI', 'MIAMI', 'MIAMI', 'MIAMI', 'MIAMI', 'MIAMI', 'MIAMI', 'MIAMI', 'MIAMI', 'MIAMI', 'MIAMI', 'MIAMI', 'MIAMI', 'MIAMI', 'MIAMI', 'MIAMI', 'MIAMI', 'MIAMI', 'MIAMI', 'MIAMI', 'MIAMI SPRINGS', 'MIAMI', 'MIAMI FL', 'MIAMI', 'MIAMI', 'MIAMI', 'MIAMI', 'MIAMI', 'MIAMI', 'MIAMI', 'MIAMI', 'MIAMI', 'MIAMI', 'MIAMI', 'MIAMI', 'MIAMI', 'MIAMI', 'MIAMI', 'DORAL', 'DORAL', 'MEDLEY', 'MIAMI', 'MIAMI', 'MIAMI', 'MIAMI', 'DORAL', 'Miami', 'MIAMI', 'MIAMI', 'MIAMI', 'MIAMI', 'MIAMI', 'MIAMI', 'MIAMI', 'DORAL', 'DORAL', 'MIAMI', 'MIAMI', 'MIAMI', 'MIAMI', 'MIAMI', 'MIAMI', 'MIAMI', 'MIAMI', 'MIAMI', 'MIAMI', 'MEDLEY', 'MIAMI', 'MIAMI', 'MIAMI', 'MIAMI', 'MIAMI', 'MIAMI', 'MIAMI', 'MIAMI', 'MIAMI', 'MIAMI', 'MIAMI', 'MIAMI', 'MIAMI', 'MIAMI', 'MIAMI', 'MIAMI', 'MIAMI', 'MIAMI', 'MIAMI', 'MIAMI', 'MIAMI', 'MIAMI', 'MIAMI', 'MIAMI', 'MIAMI', 'MIAMI', 'MIAMI', 'MIAMI', 'MIAMI', 'MIAMI', 'MIAMI', 'MIAMI', 'MIAMI', 'MIAMI', 'MIAMI', 'MIAMI', 'MIAMI', 'MIAMI', 'MIAMI', 'MIAMI', 'MIAMI', 'MIAMI SPRINGS', 'MIAMI', 'MIAMI', 'MIAMI', 'MIAMI', 'DORAL', 'DORAL', 'MIAMI', 'MIAMI', 'MIAMI', 'MIAMI', 'MIAMI', 'MIAMI', 'MIAMI', 'MIAMI', 'MIAMI', 'MIAMI', 'MIAMI', 'MIAMI', 'MIAMI', 'MIAMI', 'MIAMI', 'MIAMI', 'MIAMI', 'MIAMI', 'MIAMI', 'MIAMI', 'MIAMI', 'MIAMI', 'MIAMI', 'MIAMI', 'MIAMI', 'MIAMI', 'MIAMI', 'MIAMI', 'MIAMI', 'MIAMI', 'DORAL', 'DORAL', 'DORAL', 'MIAMI', 'MIAMI', 'MIAMI']","['FL', 'FL', 'FL', 'FL', 'FL', 'FL', 'FL', 'FL', 'FL', 'FL', 'FL', 'FL', 'FL', 'FL', 'FL', 'FL', 'FL', 'FL', 'FL', 'FL', 'FL', 'FL', 'FL', 'FL', 'FL', 'FL', 'FL', 'FL', 'FL', 'FL', 'FL', 'FL', 'FL', 'FL', 'FL', 'FL', 'FL', 'FL', 'FL', 'FL', 'FL', 'FL', 'FL', 'FL', 'FL', 'FL', 'FL', 'FL', 'FL', 'FL', 'FL', 'FL', 'FL', 'FL', 'FL', 'FL', 'FL', 'FL', 'FL', 'FL', 'FL', 'FL', 'FL', 'FL', 'FL', 'FL', 'FL', 'FL', 'FL', 'FL', 'FL', 'FL', 'FL', 'FL', 'FL', 'FL', 'FL', 'FL', 'FL', 'FL', 'FL', 'FL', 'FL', 'FL', 'FL', 'FL', 'FL', 'FL', 'FL', 'FL', 'FL', 'FL', 'FL', 'FL', 'FL', 'FL', 'FL', 'FL', 'FL', 'FL', 'FL', 'FL', 'FL', 'FL', 'FL', 'FL', 'FL', 'FL', 'FL', 'FL', 'FL', 'FL', 'FL', 'FL', 'FL', 'FL', 'FL', 'FL', 'FL', 'FL', 'FL', 'FL', 'FL', 'FL', 'FL', 'FL', 'FL', 'FL', 'FL', 'FL', 'FL', 'FL', 'FL', 'FL', 'FL', 'FL', 'FL', 'FL', 'FL', 'FL', 'FL', 'FL', 'FL', 'FL', 'FL', 'FL', 'FL', 'FL', 'FL', 'FL', 'FL', 'FL', 'FL', 'FL', 'FL', 'FL', 'FL', 'FL', 'FL', 'FL', 'FL', 'FL', 'FL', 'FL', 'FL', 'FL', 'FL', 'FL', 'FL', 'FL', 'FL', 'FL', 'FL', 'FL', 'FL', 'FL', 'FL', 'FL', 'FL', 'FL', 'FL', 'FL', 'FL', 'FL', 'FL', 'FL', 'FL', 'FL', 'FL', 'FL', 'FL', 'FL', 'FL', 'FL', 'FL', 'FL', 'FL', 'FL', 'FL', 'FL', 'FL', 'FL', 'FL', 'FL']",204
77573,"[3023595363, 2941012389, 2941012389, 2941012389, 2941012389, 2941012389, 2941012389, 2941012389, 2941012389, 2941012389, 2941012389, 3023745047, 2783332781, 2912220418, 3019271880, 2930144559, 2930144559, 2930144559, 3023079406, 2792855827, 2853038826, 2853038826, 2853038826, 3022826204, 2915794999, 3022339020, 2947277373, 2947277373, 2947277373, 3021906258, 3021906258, 3021906258, 2911762183, 2911762183, 2911762183, 2911762183, 2898971546, 2898971546, 3021530911, 2889242729, 2871636020, 2871636020, 2871636020, 2871636020, 2871636020, 2871636020, 2871636020, 2871636020, 2707374717, 2707374717, 2707374717, 3021122494, 2948999731, 2948999731, 2948999731, 2948999731, 2948999731, 3020763854, 3020645200, 2905806604, 2874652363, 2874652363, 2874652363, 3020064692, 2869466305, 2915010267, 2915010267, 2908856624, 2908043541, 2908043541, 2908043541, 2868851827, 2868851827, 2868851827, 2868851827, 2913408439, 2913408439, 2911698340, 2916310258, 2916310258, 2916310258, 2916310258, 2916310258, 2916310258, 1099327599, 2907528446, 2992870010, 3014856765, 2882343273, 2782181424, 2983054022, 3004978526, 3000922223]","['LEAGUE CITY', 'LEAGUE CITY', 'LEAGUE CITY', 'LEAGUE CITY', 'LEAGUE CITY', 'LEAGUE CITY', 'LEAGUE CITY', 'LEAGUE CITY', 'LEAGUE CITY', 'LEAGUE CITY', 'LEAGUE CITY', 'LEAGUE CITY', 'LEAGUE CITY', 'LEAGUE CITY', 'LEAGUE CITY', 'LEAGUE CITY', 'LEAGUE CITY', 'LEAGUE CITY', 'LEAGUE CITY', 'LEAGUE CITY', 'LEAGUE CITY', 'LEAGUE CITY', 'LEAGUE CITY', 'LEAGUE CITY', 'LEAGUE CITY', 'LEAGUE CITY', 'LEAGUE CITY', 'LEAGUE CITY', 'LEAGUE CITY', 'LEAGUE CITY', 'LEAGUE CITY', 'LEAGUE CITY', 'LEAGUE CITY', 'LEAGUE CITY', 'LEAGUE CITY', 'LEAGUE CITY', 'LEAGUE CITY', 'LEAGUE CITY', 'LEAGUE CITY', 'LEAGUE CITY', 'LEAGUE CITY', 'LEAGUE CITY', 'LEAGUE CITY', 'LEAGUE CITY', 'LEAGUE CITY', 'LEAGUE CITY', 'LEAGUE CITY', 'LEAGUE CITY', 'LEAGUE CITY', 'LEAGUE CITY', 'LEAGUE CITY', 'LEAGUE CITY', 'LEAGUE CITY', 'LEAGUE CITY', 'LEAGUE CITY', 'LEAGUE CITY', 'LEAGUE CITY', 'LEAGUE CITY', 'LEAGUE CITY', 'LEAGUE CITY', 'LEAGUE CITY', 'LEAGUE CITY', 'LEAGUE CITY', 'LEAGUE CITY', 'LEAGUE CITY', 'LEAGUE CITY', 'LEAGUE CITY', 'LEAGUE CITY', 'LEAGUE CITY', 'LEAGUE CITY', 'LEAGUE CITY', 'LEAGUE CITY', 'LEAGUE CITY', 'LEAGUE CITY', 'LEAGUE CITY', 'LEAGUE CITY', 'LEAGUE CITY', 'LEAGUE CITY', 'LEAGUE CITY', 'LEAGUE CITY', 'LEAGUE CITY', 'LEAGUE CITY', 'LEAGUE CITY', 'LEAGUE CITY', 'LEAGUE CITY', 'LEAGUE CITY', 'LEAGUE CITY', 'LEAGUE CITY', 'LEAGUE CITY', 'LEAGUE CITY', 'LEAGUE CITY', 'LEAGUE CITY', nan]","['TX', 'TX', 'TX', 'TX', 'TX', 'TX', 'TX', 'TX', 'TX', 'TX', 'TX', 'TX', 'TX', 'TX', 'TX', 'TX', 'TX', 'TX', 'TX', 'TX', 'TX', 'TX', 'TX', 'TX', 'TX', 'TX', 'TX', 'TX', 'TX', 'TX', 'TX', 'TX', 'TX', 'TX', 'TX', 'TX', 'TX', 'TX', 'TX', 'TX', 'TX', 'TX', 'TX', 'TX', 'TX', 'TX', 'TX', 'TX', 'TX', 'TX', 'TX', 'TX', 'TX', 'TX', 'TX', 'TX', 'TX', 'TX', 'TX', 'TX', 'TX', 'TX', 'TX', 'TX', 'TX', 'TX', 'TX', 'TX', 'TX', 'TX', 'TX', 'TX', 'TX', 'TX', 'TX', 'TX', 'TX', 'TX', 'TX', 'TX', 'TX', 'TX', 'TX', 'TX', 'TX', 'TX', 'TX', 'TX', 'TX', 'TX', 'TX', 'TX', 'TX']",93
33172,"[3024128451, 2866087136, 2866087136, 2866087136, 2866087136, 2866087136, 2866087136, 2866087136, 3003744558, 3003744558, 3003744558, 3003744558, 3017758328, 3017758328, 3017758328, 3020001819, 3020001819, 3020001819, 3022256339, 2819792293, 2819792293, 2819792293, 2819792293, 2819792293, 2819792293, 2819792293, 2819792293, 2819792293, 2819792293, 2819792293, 2819792293, 2819792293, 2819792293, 2819792293, 2819792293, 2819792293, 2819792293, 3022863752, 3022863752, 2899516422, 2899516422, 2899516422, 3020114042, 3022333487, 3022333487, 3022333487, 3022333487, 3022333487, 2961149694, 2610748120, 2610748120, 2610748120, 2610748120, 3021610652, 2879326866, 2879326866, 2879326866, 2879326866, 2848192078, 2848192078, 2848192078, 2848192078, 2848192078, 2887852990, 2984799976, 2984799976, 2984799976, 2984799976, 2984799976, 2984799976, 3019864884, 3019816150, 3019069934, 2912423519, 2972802731, 2972802731, 2911823933, 2911823933, 2911823933, 2911823933, 2911823933, 2911823933, 2911823933]","['MIAMI', 'MIAMI', 'MIAMI', 'MIAMI', 'MIAMI', 'MIAMI', 'MIAMI', 'MIAMI', 'MIAMI', 'MIAMI', 'MIAMI', 'MIAMI', 'DORAL', 'DORAL', 'DORAL', 'DORAL', 'DORAL', 'DORAL', 'MIAMI', 'DORAL', 'DORAL', 'DORAL', 'DORAL', 'DORAL', 'DORAL', 'DORAL', 'DORAL', 'DORAL', 'DORAL', 'DORAL', 'DORAL', 'DORAL', 'DORAL', 'DORAL', 'DORAL', 'DORAL', 'DORAL', 'DORAL', 'DORAL', 'DORAL', 'DORAL', 'DORAL', 'DORAL', 'MIAMI', 'MIAMI', 'MIAMI', 'MIAMI', 'MIAMI', 'MIAMI', 'MIAMI', 'MIAMI', 'MIAMI', 'MIAMI', 'MIAMI', 'DORAL', 'DORAL', 'DORAL', 'DORAL', 'MIAMI', 'MIAMI', 'MIAMI', 'MIAMI', 'MIAMI', 'MIAMI', 'DORAL', 'DORAL', 'DORAL', 'DORAL', 'DORAL', 'DORAL', 'DORAL', 'DORAL', 'DORAL', 'DORAL', 'DORAL', 'DORAL', 'DORAL', 'DORAL', 'DORAL', 'DORAL', 'DORAL', 'DORAL', 'DORAL']","['FL', 'FL', 'FL', 'FL', 'FL', 'FL', 'FL', 'FL', 'FL', 'FL', 'FL', 'FL', 'FL', 'FL', 'FL', 'FL', 'FL', 'FL', 'FL', 'FL', 'FL', 'FL', 'FL', 'FL', 'FL', 'FL', 'FL', 'FL', 'FL', 'FL', 'FL', 'FL', 'FL', 'FL', 'FL', 'FL', 'FL', 'FL', 'FL', 'FL', 'FL', 'FL', 'FL', 'FL', 'FL', 'FL', 'FL', 'FL', 'FL', 'FL', 'FL', 'FL', 'FL', 'FL', 'FL', 'FL', 'FL', 'FL', 'FL', 'FL', 'FL', 'FL', 'FL', 'FL', 'FL', 'FL', 'FL', 'FL', 'FL', 'FL', 'FL', 'FL', 'FL', 'FL', 'FL', 'FL', 'FL', 'FL', 'FL', 'FL', 'FL', 'FL', 'FL']",83
78758,"[3015004100, 3015004100, 3015004100, 3015004100, 3015004100, 3015004100, 3015004100, 3015004100, 2212180397, 3023060828, 3002082785, 3002082785, 3002082785, 3002082785, 3022841319, 3018158881, 3018158881, 3018158881, 3018158881, 2883553595, 2869050970, 2869050970, 2869050970, 2869050970, 2869050970, 2869050970, 2869050970, 2869050970, 2869050970, 2869050970, 2869050970, 2869050970, 2869050970, 2869050970, 2869050970, 2869050970, 2869050970, 2869050970, 3021967424, 3021967424, 2908502453, 3020963804, 3021864106, 3021864106, 3021864106, 3021864106, 3021864106, 3021864106, 3021864106, 3021864106, 3021864106, 2973349357, 2973349357, 2973349357, 2973349357, 2890043500, 2921256172, 3019974595, 2176928759, 3017436918, 3017436918, 3017436918, 3017436918, 3017436918, 2907691984, 2907691984, 2907691984, 3017909406, 3017909406, 2236198028, 2236198028]","['AUSTIN', 'AUSTIN', 'AUSTIN', 'AUSTIN', 'AUSTIN', 'AUSTIN', 'AUSTIN', 'AUSTIN', 'AUSTIN', 'AUSTIN', 'AUSTIN', 'AUSTIN', 'AUSTIN', 'AUSTIN', 'AUSTIN', 'AUSTIN', 'AUSTIN', 'AUSTIN', 'AUSTIN', 'AUSTIN', 'AUSTIN', 'AUSTIN', 'AUSTIN', 'AUSTIN', 'AUSTIN', 'AUSTIN', 'AUSTIN', 'AUSTIN', 'AUSTIN', 'AUSTIN', 'AUSTIN', 'AUSTIN', 'AUSTIN', 'AUSTIN', 'AUSTIN', 'AUSTIN', 'AUSTIN', 'AUSTIN', 'AUSTIN', 'AUSTIN', 'AUSTIN', nan, 'AUSTIN', 'AUSTIN', 'AUSTIN', 'AUSTIN', 'AUSTIN', 'AUSTIN', 'AUSTIN', 'AUSTIN', 'AUSTIN', 'AUSTIN', 'AUSTIN', 'AUSTIN', 'AUSTIN', 'AUSTIN', 'AUSTIN', 'AUSTIN', 'AUSTIN', 'AUSTIN', 'AUSTIN', 'AUSTIN', 'AUSTIN', 'AUSTIN', 'AUSTIN', 'AUSTIN', 'AUSTIN', 'AUSTIN', 'AUSTIN', 'AUSTIN', 'AUSTIN']","['TX', 'TX', 'TX', 'TX', 'TX', 'TX', 'TX', 'TX', 'TX', 'TX', 'TX', 'TX', 'TX', 'TX', 'TX', 'TX', 'TX', 'TX', 'TX', 'TX', 'TX', 'TX', 'TX', 'TX', 'TX', 'TX', 'TX', 'TX', 'TX', 'TX', 'TX', 'TX', 'TX', 'TX', 'TX', 'TX', 'TX', 'TX', 'TX', 'TX', 'TX', 'TX', 'TX', 'TX', 'TX', 'TX', 'TX', 'TX', 'TX', 'TX', 'TX', 'TX', 'TX', 'TX', 'TX', 'TX', 'TX', 'TX', 'TX', 'TX', 'TX', 'TX', 'TX', 'TX', 'TX', 'TX', 'TX', 'TX', 'TX', 'TX', 'TX']",71
88220,"[3023963476, 2829137584, 2829137584, 3023337360, 3023337360, 2891419003, 2891419003, 2891419003, 2891419003, 2891419003, 2891419003, 2891419003, 2891419003, 2891419003, 2891419003, 2891419003, 2891419003, 2891419003, 2891419003, 2247477226, 2912117973, 2912117973, 2917556578, 2917556578, 2812011082, 2812011082, 2812011082, 2812011082, 2812011082, 2812011082, 2812011082, 2812011082, 3022349149, 2944532624, 2944532624, 2944532624, 2912303368, 3004136764, 2895027003, 2895027003, 3001607591, 3001607591, 3001607591, 2891496281, 2891496281, 2891496281, 2891496281, 2891496281, 2891496281, 2891496281, 3021011471, 3015403150, 3020241441, 3020241441, 2904450770, 2904450770, 2904450770, 3019058664, 3017446329, 3017446329, 3017446329, 3017446329, 3017446329, 3017446329, 2993902679, 2993902679, 2912812366, 2920146818, 2961567730, 2447162293, 2999937227]","['CARLSBAD', 'CARLSBAD', 'CARLSBAD', 'CARLSBAD', 'CARLSBAD', 'CARLSBAD', 'CARLSBAD', 'CARLSBAD', 'CARLSBAD', 'CARLSBAD', 'CARLSBAD', 'CARLSBAD', 'CARLSBAD', 'CARLSBAD', 'CARLSBAD', 'CARLSBAD', 'CARLSBAD', 'CARLSBAD', 'CARLSBAD', 'CARLSBAD', 'CARLSBAD', 'CARLSBAD', 'CARLSBAD', 'CARLSBAD', 'CARLSBAD', 'CARLSBAD', 'CARLSBAD', 'CARLSBAD', 'CARLSBAD', 'CARLSBAD', 'CARLSBAD', 'CARLSBAD', 'CARLSBAD', 'CARLSBAD', 'CARLSBAD', 'CARLSBAD', 'CARLSBAD', 'CARLSBAD', 'CARLSBAD', 'CARLSBAD', 'CARLSBAD', 'CARLSBAD', 'CARLSBAD', 'CARLSBAD', 'CARLSBAD', 'CARLSBAD', 'CARLSBAD', 'CARLSBAD', 'CARLSBAD', 'CARLSBAD', 'CARLSBAD', 'CARLSBAD', 'CARLSBAD', 'CARLSBAD', 'CARLSBAD', 'CARLSBAD', 'CARLSBAD', 'CARLSBAD', 'CARLSBAD', 'CARLSBAD', 'CARLSBAD', 'CARLSBAD', 'CARLSBAD', 'CARLSBAD', 'CARLSBAD', 'CARLSBAD', 'CARLSBAD', 'CARLSBAD', 'CARLSBAD', 'CARLSBAD', 'CARLSBAD']","['NM', 'NM', 'NM', 'NM', 'NM', 'NM', 'NM', 'NM', 'NM', 'NM', 'NM', 'NM', 'NM', 'NM', 'NM', 'NM', 'NM', 'NM', 'NM', 'NM', 'NM', 'NM', 'NM', 'NM', 'NM', 'NM', 'NM', 'NM', 'NM', 'NM', 'NM', 'NM', 'NM', 'NM', 'NM', 'NM', 'NM', 'NM', 'NM', 'NM', 'NM', 'NM', 'NM', 'NM', 'NM', 'NM', 'NM', 'NM', 'NM', 'NM', 'NM', 'NM', 'NM', 'NM', 'NM', 'NM', 'NM', 'NM', 'NM', 'NM', 'NM', 'NM', 'NM', 'NM', 'NM', 'NM', 'NM', 'NM', 'NM', 'NM', 'NM']",71
42503,"[3023790096, 3019996932, 3019996932, 3019996932, 3019996932, 3019996932, 3019996932, 3019996932, 2902281233, 2902281233, 2902281233, 2902281233, 2902281233, 2707325547, 2707325547, 2707325547, 2707325547, 2707325547, 2707325547, 2707325547, 2707325547, 2707325547, 2707325547, 2707325547, 2707325547, 2707325547, 2707325547, 2707325547, 2707325547, 2707325547, 2707325547, 2707325547, 2984065234, 3015393305, 3015393305, 3015393305, 3015393305, 3015393305, 2912869457, 3022432103, 3020192009, 2920153935, 2920153935, 2920153935, 3009107749, 3009107749, 2958293880, 2958293880, 2958293880, 2932684260, 2932684260, 3013188615, 3013188615, 3013188615, 3013188615, 3013188615, 3013188615, 3017342862, 3017342862, 3017342862, 2964266606, 2844033531, 2844033531, 2844033531, 2899404349, 2992505550, 3001512551]","['SOMERSET', 'SOMERSET', 'SOMERSET', 'SOMERSET', 'SOMERSET', 'SOMERSET', 'SOMERSET', 'SOMERSET', 'SOMERSET', 'SOMERSET', 'SOMERSET', 'SOMERSET', 'SOMERSET', 'SOMERSET', 'SOMERSET', 'SOMERSET', 'SOMERSET', 'SOMERSET', 'SOMERSET', 'SOMERSET', 'SOMERSET', 'SOMERSET', 'SOMERSET', 'SOMERSET', 'SOMERSET', 'SOMERSET', 'SOMERSET', 'SOMERSET', 'SOMERSET', 'SOMERSET', 'SOMERSET', 'SOMERSET', 'SOMERSET', 'SOMERSET', 'SOMERSET', 'SOMERSET', 'SOMERSET', 'SOMERSET', 'SOMERSET', 'SOMERSET', 'SOMERSET', 'SOMERSET', 'SOMERSET', 'SOMERSET', 'SOMERSET', 'SOMERSET', 'SOMERSET', 'SOMERSET', 'SOMERSET', 'SOMERSET', 'SOMERSET', 'SOMERSET', 'SOMERSET', 'SOMERSET', 'SOMERSET', 'SOMERSET', 'SOMERSET', 'SOMERSET', 'SOMERSET', 'SOMERSET', 'SOMERSET', 'SOMERSET', 'SOMERSET', 'SOMERSET', 'SOMERSET', 'SOMERSET', 'SOMERSET']","['KY', 'KY', 'KY', 'KY', 'KY', 'KY', 'KY', 'KY', 'KY', 'KY', 'KY', 'KY', 'KY', 'KY', 'KY', 'KY', 'KY', 'KY', 'KY', 'KY', 'KY', 'KY', 'KY', 'KY', 'KY', 'KY', 'KY', 'KY', 'KY', 'KY', 'KY', 'KY', 'KY', 'KY', 'KY', 'KY', 'KY', 'KY', 'KY', 'KY', 'KY', 'KY', 'KY', 'KY', 'KY', 'KY', 'KY', 'KY', 'KY', 'KY', 'KY', 'KY', 'KY', 'KY', 'KY', 'KY', 'KY', 'KY', 'KY', 'KY', 'KY', 'KY', 'KY', 'KY', 'KY', 'KY', 'KY']",67
72712,"[3024286339, 2161585570, 2976903264, 2976903264, 2976903264, 2889521995, 3023004461, 2829506877, 2904814856, 2904814856, 2904814856, 2836273241, 2836273241, 2850363500, 2976080898, 2976080898, 2976080898, 2976080898, 3022784720, 2864988256, 2864988256, 2864988256, 2907504289, 2345062303, 2761408290, 2761408290, 2898009270, 2898009270, 2822235418, 2822235418, 2822235418, 2822235418, 2822235418, 2822235418, 2883305363, 2883305363, 2883305363, 2883305363, 2883305363, 2883305363, 2883305363, 2883305363, 2863766881, 2885407979, 2906056800, 2783007104, 2783007104, 2783007104, 2783007104, 2783007104, 3019728972, 2993574840, 2844751965, 3018443126, 3018443126, 2921248483, 2976350827, 2870794980, 2870794980, 2870794980, 2870794980, 2870794980, 2929782795, 2929782795, 2864684653, 2925931155]","['BENTONVILLE', 'BENTONVILLE', 'BENTONVILLE', 'BENTONVILLE', 'BENTONVILLE', 'BENTONVILLE', 'Bentonville', 'BENTONVILLE', 'BENTONVILLE', 'BENTONVILLE', 'BENTONVILLE', 'BENTONVILLE', 'BENTONVILLE', 'BENTONVILLE', 'BENTONVILLE', 'BENTONVILLE', 'BENTONVILLE', 'BENTONVILLE', 'BENTONVILLE', 'BENTONVILLE', 'BENTONVILLE', 'BENTONVILLE', 'BENTONVILLE', 'BENTONVILLE', 'BENTONVILLE', 'BENTONVILLE', 'BENTONVILLE', 'BENTONVILLE', 'BENTONVILLE', 'BENTONVILLE', 'BENTONVILLE', 'BENTONVILLE', 'BENTONVILLE', 'BENTONVILLE', 'BENTONVILLE', 'BENTONVILLE', 'BENTONVILLE', 'BENTONVILLE', 'BENTONVILLE', 'BENTONVILLE', 'BENTONVILLE', 'BENTONVILLE', 'BENTONVILLE', 'BENTONVILLE', 'BENTONVILLE', 'BENTONVILLE', 'BENTONVILLE', 'BENTONVILLE', 'BENTONVILLE', 'BENTONVILLE', 'BENTONVILLE', 'BENTONVILLE', 'BENTONVILLE', 'BENTONVILLE', 'BENTONVILLE', 'BENTONVILLE', 'BENTONVILLE', 'BENTONVILLE', 'BENTONVILLE', 'BENTONVILLE', 'BENTONVILLE', 'BENTONVILLE', 'BENTONVILLE', 'BENTONVILLE', 'BENTONVILLE', 'BENTONVILLE']","['AR', 'AR', 'AR', 'AR', 'AR', 'AR', 'AR', 'AR', 'AR', 'AR', 'AR', 'AR', 'AR', 'AR', 'AR', 'AR', 'AR', 'AR', 'AR', 'AR', 'AR', 'AR', 'AR', 'AR', 'AR', 'AR', 'AR', 'AR', 'AR', 'AR', 'AR', 'AR', 'AR', 'AR', 'AR', 'AR', 'AR', 'AR', 'AR', 'AR', 'AR', 'AR', 'AR', 'AR', 'AR', 'AR', 'AR', 'AR', 'AR', 'AR', 'AR', 'AR', 'AR', 'AR', 'AR', 'AR', 'AR', 'AR', 'AR', 'AR', 'AR', 'AR', 'AR', 'AR', 'AR', 'AR']",66
35758,"[3013897972, 2848381643, 2848381643, 2848381643, 2848381643, 2848381643, 2848381643, 2848381643, 2848381643, 2848381643, 2848381643, 2848381643, 2848381643, 2848381643, 2848381643, 2848381643, 2848381643, 2848381643, 2848381643, 2848381643, 2848381643, 2848381643, 2848381643, 2848381643, 2848381643, 2848381643, 2848381643, 2848381643, 2848381643, 2848381643, 2848381643, 2848381643, 2848381643, 2848381643, 2848381643, 2848381643, 2848381643, 2848381643, 2848381643, 2848381643, 2848381643, 2848381643, 2848381643, 2935134693, 3003159785, 3003159785, 3003159785, 3003159785, 3003159785, 3003159785, 3003159785, 3003159785, 3003159785, 3004514046, 3004514046, 3004514046, 3018097158, 3010370329]","['MADISON', 'MADISON', 'MADISON', 'MADISON', 'MADISON', 'MADISON', 'MADISON', 'MADISON', 'MADISON', 'MADISON', 'MADISON', 'MADISON', 'MADISON', 'MADISON', 'MADISON', 'MADISON', 'MADISON', 'MADISON', 'MADISON', 'MADISON', 'MADISON', 'MADISON', 'MADISON', 'MADISON', 'MADISON', 'MADISON', 'MADISON', 'MADISON', 'MADISON', 'MADISON', 'MADISON', 'MADISON', 'MADISON', 'MADISON', 'MADISON', 'MADISON', 'MADISON', 'MADISON', 'MADISON', 'MADISON', 'MADISON', 'MADISON', 'MADISON', 'MADISON', 'MADISON', 'MADISON', 'MADISON', 'MADISON', 'MADISON', 'MADISON', 'MADISON', 'MADISON', 'MADISON', 'MADISON', 'MADISON', 'MADISON', 'MADISON', 'Madison']","['AL', 'AL', 'AL', 'AL', 'AL', 'AL', 'AL', 'AL', 'AL', 'AL', 'AL', 'AL', 'AL', 'AL', 'AL', 'AL', 'AL', 'AL', 'AL', 'AL', 'AL', 'AL', 'AL', 'AL', 'AL', 'AL', 'AL', 'AL', 'AL', 'AL', 'AL', 'AL', 'AL', 'AL', 'AL', 'AL', 'AL', 'AL', 'AL', 'AL', 'AL', 'AL', 'AL', 'AL', 'AL', 'AL', 'AL', 'AL', 'AL', 'AL', 'AL', 'AL', 'AL', 'AL', 'AL', 'AL', 'AL', 'AL']",58
65616,"[3007319744, 2901787998, 2901787998, 2901787998, 2901787998, 2901787998, 3023368173, 3013487868, 3022955470, 3022866208, 2905447585, 2905447585, 3001558688, 2982601497, 2974610326, 2379569058, 2932782612, 2932782612, 2932782612, 2932782612, 2755810579, 2795519823, 2795519823, 2879296634, 2879296634, 2879296634, 2879296634, 2879296634, 2877900534, 2877900534, 2877900534, 2877900534, 2877900534, 2877900534, 2877900534, 2894988145, 2832861340, 2832861340, 2832861340, 2832861340, 2832861340, 2832861340, 2832861340, 2832861340, 2832861340, 2832861340, 2832861340, 3019298331, 3019298331, 3015480577, 2950328470, 2877229604, 2897006918, 3016976805, 3016976805, 2863315959, 2510650109]","['BRANSON', 'BRANSON', 'BRANSON', 'BRANSON', 'BRANSON', 'BRANSON', 'BRANSON', 'BRANSON', 'BRANSON', 'BRANSON', 'BRANSON', 'BRANSON', 'BRANSON', 'BRANSON', 'BRANSON', 'BRANSON', 'BRANSON', 'BRANSON', 'BRANSON', 'BRANSON', 'BRANSON', 'BRANSON', 'BRANSON', 'BRANSON', 'BRANSON', 'BRANSON', 'BRANSON', 'BRANSON', 'BRANSON', 'BRANSON', 'BRANSON', 'BRANSON', 'BRANSON', 'BRANSON', 'BRANSON', 'BRANSON', 'BRANSON', 'BRANSON', 'BRANSON', 'BRANSON', 'BRANSON', 'BRANSON', 'BRANSON', 'BRANSON', 'BRANSON', 'BRANSON', 'BRANSON', 'BRANSON', 'BRANSON', 'BRANSON', 'BRANSON', 'BRANSON', 'BRANSON', 'BRANSON', 'BRANSON', 'BRANSON', 'BRANSON']","['MO', 'MO', 'MO', 'MO', 'MO', 'MO', 'MO', 'MO', 'MO', 'MO', 'MO', 'MO', 'MO', 'MO', 'MO', 'MO', 'MO', 'MO', 'MO', 'MO', 'MO', 'MO', 'MO', 'MO', 'MO', 'MO', 'MO', 'MO', 'MO', 'MO', 'MO', 'MO', 'MO', 'MO', 'MO', 'MO', 'MO', 'MO', 'MO', 'MO', 'MO', 'MO', 'MO', 'MO', 'MO', 'MO', 'MO', 'MO', 'MO', 'MO', 'MO', 'MO', 'MO', 'MO', 'MO', 'MO', 'MO']",57
48375,"[2903937929, 2903937929, 2894328955, 2894328955, 2894328955, 2894328955, 2894328955, 2894328955, 2894328955, 2894328955, 2894328955, 2894328955, 2894328955, 2894328955, 2894328955, 2894328955, 2894328955, 2894328955, 2894328955, 2894328955, 2894328955, 2894328955, 2894328955, 2894328955, 2894328955, 2894328955, 2894328955, 2894328955, 2894328955, 2894328955, 2894328955, 2894328955, 2894328955, 2894328955, 2894328955, 2894328955, 2894328955, 2894328955, 2894328955, 2894328955, 2894328955, 2894328955, 3023651820, 3023060781, 2975850586, 2975850586, 2975850586, 2975850586, 2975850586, 2975850586, 2975850586, 2975850586, 3012991421, 3012991421, 2826876319, 2826876319]","['NOVI', 'NOVI', 'NOVI', 'NOVI', 'NOVI', 'NOVI', 'NOVI', 'NOVI', 'NOVI', 'NOVI', 'NOVI', 'NOVI', 'NOVI', 'NOVI', 'NOVI', 'NOVI', 'NOVI', 'NOVI', 'NOVI', 'NOVI', 'NOVI', 'NOVI', 'NOVI', 'NOVI', 'NOVI', 'NOVI', 'NOVI', 'NOVI', 'NOVI', 'NOVI', 'NOVI', 'NOVI', 'NOVI', 'NOVI', 'NOVI', 'NOVI', 'NOVI', 'NOVI', 'NOVI', 'NOVI', 'NOVI', 'NOVI', 'NOVI', 'NOVI', 'NOVI', 'NOVI', 'NOVI', 'NOVI', 'NOVI', 'NOVI', 'NOVI', 'NOVI', 'NOVI', 'NOVI', 'NOVI', 'NOVI']","['MI', 'MI', 'MI', 'MI', 'MI', 'MI', 'MI', 'MI', 'MI', 'MI', 'MI', 'MI', 'MI', 'MI', 'MI', 'MI', 'MI', 'MI', 'MI', 'MI', 'MI', 'MI', 'MI', 'MI', 'MI', 'MI', 'MI', 'MI', 'MI', 'MI', 'MI', 'MI', 'MI', 'MI', 'MI', 'MI', 'MI', 'MI', 'MI', 'MI', 'MI', 'MI', 'MI', 'MI', 'MI', 'MI', 'MI', 'MI', 'MI', 'MI', 'MI', 'MI', 'MI', 'MI', 'MI', 'MI']",56
27292,"[3024361031, 2946652761, 3023029031, 3023029031, 3023029031, 3023029031, 3023029031, 3023029031, 3023029031, 3023029031, 3023029031, 3023029031, 3023029031, 3023029031, 3023029031, 3023029031, 3023029031, 3023029031, 3023029031, 3023029031, 3023029031, 3023029031, 3023029031, 3023029031, 3023029031, 3023029031, 3023029031, 3023029031, 3023029031, 3023029031, 3023029031, 3023029031, 3023029031, 3023029031, 3023029031, 3023029031, 3023029031, 3023029031, 3023029031, 3023029031, 3023029031, 3023029031, 3023029031, 3023029031, 3023029031, 3022566285, 2159782284, 2159782284, 2159782284, 2159782284, 2159782284, 2813082644, 2965544614, 2749052166]","['LEXINGTON', 'LEXINGTON', 'LEXINGTON', 'LEXINGTON', 'LEXINGTON', 'LEXINGTON', 'LEXINGTON', 'LEXINGTON', 'LEXINGTON', 'LEXINGTON', 'LEXINGTON', 'LEXINGTON', 'LEXINGTON', 'LEXINGTON', 'LEXINGTON', 'LEXINGTON', 'LEXINGTON', 'LEXINGTON', 'LEXINGTON', 'LEXINGTON', 'LEXINGTON', 'LEXINGTON', 'LEXINGTON', 'LEXINGTON', 'LEXINGTON', 'LEXINGTON', 'LEXINGTON', 'LEXINGTON', 'LEXINGTON', 'LEXINGTON', 'LEXINGTON', 'LEXINGTON', 'LEXINGTON', 'LEXINGTON', 'LEXINGTON', 'LEXINGTON', 'LEXINGTON', 'LEXINGTON', 'LEXINGTON', 'LEXINGTON', 'LEXINGTON', 'LEXINGTON', 'LEXINGTON', 'LEXINGTON', 'LEXINGTON', 'LEXINGTON', 'LEXINGTON', 'LEXINGTON', 'LEXINGTON', 'LEXINGTON', 'LEXINGTON', 'LEXINGTON', 'LEXINGTON', 'LEXINGTON']","['NC', 'NC', 'NC', 'NC', 'NC', 'NC', 'NC', 'NC', 'NC', 'NC', 'NC', 'NC', 'NC', 'NC', 'NC', 'NC', 'NC', 'NC', 'NC', 'NC', 'NC', 'NC', 'NC', 'NC', 'NC', 'NC', 'NC', 'NC', 'NC', 'NC', 'NC', 'NC', 'NC', 'NC', 'NC', 'NC', 'NC', 'NC', 'NC', 'NC', 'NC', 'NC', 'NC', 'NC', 'NC', 'NC', 'NC', 'NC', 'NC', 'NC', 'NC', 'NC', 'NC', 'NC']",54
15317,"[3024373325, 3024373325, 3024373325, 3024373325, 3024373325, 2976669531, 3023614978, 2881156020, 2881156020, 2509521548, 2757696402, 2757696402, 2757696402, 2757696402, 2757696402, 3022396733, 3022125848, 3022125848, 3022125848, 3022125848, 3022125848, 3022089473, 3022089473, 2871224025, 2871224025, 2871224025, 2871224025, 2871224025, 2871224025, 2871224025, 2871224025, 2871224025, 2871224025, 2871224025, 2871224025, 2871224025, 2871224025, 2871224025, 2871224025, 2838812961, 2838812961, 2838812961, 3022030027, 3017855091, 2912543651, 2912543651, 3002095441, 3002095441, 2906131523, 2906131523, 2906131523, 2906131523, 2389895872, 2940231101]","['CANONSBURG', 'CANONSBURG', 'CANONSBURG', 'CANONSBURG', 'CANONSBURG', 'MCMURRAY', 'CANONSBURG', 'CANONSBURG', 'CANONSBURG', 'CANONSBURG', 'CANONSBURG', 'CANONSBURG', 'CANONSBURG', 'CANONSBURG', 'CANONSBURG', 'CANONSBURG', 'CANONSBURG', 'CANONSBURG', 'CANONSBURG', 'CANONSBURG', 'CANONSBURG', 'CANONSBURG', 'CANONSBURG', 'CANONSBURG', 'CANONSBURG', 'CANONSBURG', 'CANONSBURG', 'CANONSBURG', 'CANONSBURG', 'CANONSBURG', 'CANONSBURG', 'CANONSBURG', 'CANONSBURG', 'CANONSBURG', 'CANONSBURG', 'CANONSBURG', 'CANONSBURG', 'CANONSBURG', 'CANONSBURG', 'CANONSBURG', 'CANONSBURG', 'CANONSBURG', 'CANONSBURG', 'CANONSBURG', 'CANONSBURG', 'CANONSBURG', 'CANONSBURG', 'CANONSBURG', 'CANONSBURGH', 'CANONSBURGH', 'CANONSBURGH', 'CANONSBURGH', 'CANONSBURG', 'MCMURRAY']","['PA', 'PA', 'PA', 'PA', 'PA', 'PA', 'PA', 'PA', 'PA', 'PA', 'PA', 'PA', 'PA', 'PA', 'PA', 'PA', 'PA', 'PA', 'PA', 'PA', 'PA', 'PA', 'PA', 'PA', 'PA', 'PA', 'PA', 'PA', 'PA', 'PA', 'PA', 'PA', 'PA', 'PA', 'PA', 'PA', 'PA', 'PA', 'PA', 'PA', 'PA', 'PA', 'PA', 'PA', 'PA', 'PA', 'PA', 'PA', 'PA', 'PA', 'PA', 'PA', 'PA', 'PA']",54
78759,"[2557395654, 2557395654, 2557395654, 2557395654, 3023127652, 2896855047, 2992122756, 2975247883, 2975247883, 2975247883, 2975247883, 2975247883, 2975247883, 3021940682, 3021940682, 3021940682, 3021940682, 3021940682, 3021940682, 3021940682, 3021940682, 2877329844, 2877329844, 2877329844, 2877329844, 2877329844, 2877329844, 2877329844, 2877329844, 2877329844, 2877329844, 2877329844, 2877329844, 2977849028, 2977849028, 2977849028, 2977849028, 2977849028, 2977849028, 2977849028, 2977849028, 2977849028, 2977849028, 2977849028, 2977849028, 2977849028, 2977849028, 2889422804, 2889422804, 2738856714, 2738856714, 3019939314, 2808065200]","['AUSTIN', 'AUSTIN', 'AUSTIN', 'AUSTIN', 'AUSTIN', 'AUSTIN', 'AUSTIN', 'AUSTIN', 'AUSTIN', 'AUSTIN', 'AUSTIN', 'AUSTIN', 'AUSTIN', 'AUSTIN', 'AUSTIN', 'AUSTIN', 'AUSTIN', 'AUSTIN', 'AUSTIN', 'AUSTIN', 'AUSTIN', 'AUSTIN', 'AUSTIN', 'AUSTIN', 'AUSTIN', 'AUSTIN', 'AUSTIN', 'AUSTIN', 'AUSTIN', 'AUSTIN', 'AUSTIN', 'AUSTIN', 'AUSTIN', 'AUSTIN', 'AUSTIN', 'AUSTIN', 'AUSTIN', 'AUSTIN', 'AUSTIN', 'AUSTIN', 'AUSTIN', 'AUSTIN', 'AUSTIN', 'AUSTIN', 'AUSTIN', 'AUSTIN', 'AUSTIN', 'AUSTIN', 'AUSTIN', 'AUSTIN', 'AUSTIN', 'AUSTIN', 'AUSTIN']","['TX', 'TX', 'TX', 'TX', 'TX', 'TX', 'TX', 'TX', 'TX', 'TX', 'TX', 'TX', 'TX', 'TX', 'TX', 'TX', 'TX', 'TX', 'TX', 'TX', 'TX', 'TX', 'TX', 'TX', 'TX', 'TX', 'TX', 'TX', 'TX', 'TX', 'TX', 'TX', 'TX', 'TX', 'TX', 'TX', 'TX', 'TX', 'TX', 'TX', 'TX', 'TX', 'TX', 'TX', 'TX', 'TX', 'TX', 'TX', 'TX', 'TX', 'TX', 'TX', 'TX']",53
60606,"[3024355743, 3024263727, 2877242142, 2877242142, 2877242142, 2877242142, 2877242142, 2877242142, 2877242142, 2877242142, 2877242142, 2877242142, 3023442743, 3022898710, 3022927597, 2868848546, 2868848546, 2868848546, 2984200726, 2984200726, 2984200726, 2984200726, 3004425505, 3004425505, 3004425505, 3004425505, 3004425505, 3004425505, 3004425505, 3004425505, 3004425505, 3002950290, 3002950290, 3002950290, 3002950290, 3002950290, 3002950290, 3002950290, 3022351731, 3020549926, 3020448290, 3018392130, 3018392130, 3018392130, 2976583977, 2976583977, 2976583977, 2976583977, 2976583977, 2976583977, 2976583977, 3017370176, 2905783049]","['CHICAGO', 'CHICAGO', 'CHICAGO', 'CHICAGO', 'CHICAGO', 'CHICAGO', 'CHICAGO', 'CHICAGO', 'CHICAGO', 'CHICAGO', 'CHICAGO', 'CHICAGO', 'CHICAGO', 'CHICAGO', 'CHICAGO', 'CHICAGO', 'CHICAGO', 'CHICAGO', 'CHICAGO', 'CHICAGO', 'CHICAGO', 'CHICAGO', 'CHICAGO', 'CHICAGO', 'CHICAGO', 'CHICAGO', 'CHICAGO', 'CHICAGO', 'CHICAGO', 'CHICAGO', 'CHICAGO', 'CHICAGO', 'CHICAGO', 'CHICAGO', 'CHICAGO', 'CHICAGO', 'CHICAGO', 'CHICAGO', 'CHICAGO', 'CHICAGO', 'CHICAGO', 'CHICAGO', 'CHICAGO', 'CHICAGO', 'CHICAGO', 'CHICAGO', 'CHICAGO', 'CHICAGO', 'CHICAGO', 'CHICAGO', 'CHICAGO', 'CHICAGO', 'CHICAGO']","['IL', 'IL', 'IL', 'IL', 'IL', 'IL', 'IL', 'IL', 'IL', 'IL', 'IL', 'IL', 'IL', 'IL', 'IL', 'IL', 'IL', 'IL', 'IL', 'IL', 'IL', 'IL', 'IL', 'IL', 'IL', 'IL', 'IL', 'IL', 'IL', 'IL', 'IL', 'IL', 'IL', 'IL', 'IL', 'IL', 'IL', 'IL', 'IL', 'IL', 'IL', 'IL', 'IL', 'IL', 'IL', 'IL', 'IL', 'IL', 'IL', 'IL', 'IL', 'IL', 'IL']",53
88240,"[2855578976, 2855578976, 2901400805, 3022957356, 3022410803, 3022410803, 3022410803, 3022410803, 3022410803, 3022410803, 3022410803, 3022574595, 3022574595, 2909755827, 2909755827, 2909755827, 2909755827, 2909755827, 2909755827, 2909755827, 2922068426, 2922068426, 2922068426, 3022190675, 3022190675, 3022190675, 3022190675, 3022190675, 2898958594, 2898958594, 2898958594, 2898958594, 2898958594, 2898958594, 2898958594, 2898958594, 2898958594, 2958558980, 3011501633, 3011501633, 3011501633, 3011501633, 3011501633, 3011501633, 3011501633, 3018151233, 3018151233, 2939782171, 2939782171, 2939782171, 2939782171, 2976431468, 2943440729]","['HOBBS', 'HOBBS', 'HOBBS', 'HOBBS', 'HOBBS', 'HOBBS', 'HOBBS', 'HOBBS', 'HOBBS', 'HOBBS', 'HOBBS', 'HOBBS', 'HOBBS', 'HOBBS', 'HOBBS', 'HOBBS', 'HOBBS', 'HOBBS', 'HOBBS', 'HOBBS', 'HOBBS', 'HOBBS', 'HOBBS', 'HOBBS', 'HOBBS', 'HOBBS', 'HOBBS', 'HOBBS', 'HOBBS', 'HOBBS', 'HOBBS', 'HOBBS', 'HOBBS', 'HOBBS', 'HOBBS', 'HOBBS', 'HOBBS', 'HOBBS', 'HOBBS', 'HOBBS', 'HOBBS', 'HOBBS', 'HOBBS', 'HOBBS', 'HOBBS', 'HOBBS', 'HOBBS', 'HOBBS', 'HOBBS', 'HOBBS', 'HOBBS', 'HOBBS', 'HOBBS']","['NM', 'NM', 'NM', 'NM', 'NM', 'NM', 'NM', 'NM', 'NM', 'NM', 'NM', 'NM', 'NM', 'NM', 'NM', 'NM', 'NM', 'NM', 'NM', 'NM', 'NM', 'NM', 'NM', 'NM', 'NM', 'NM', 'NM', 'NM', 'NM', 'NM', 'NM', 'NM', 'NM', 'NM', 'NM', 'NM', 'NM', 'NM', 'NM', 'NM', 'NM', 'NM', 'NM', 'NM', 'NM', 'NM', 'NM', 'NM', 'NM', 'NM', 'NM', 'NM', 'NM']",53
72023,"[3023373065, 3023373065, 2463180477, 2463180477, 3023091172, 3023091172, 2939529853, 3022688958, 3022688958, 3022688958, 3022688958, 3022688958, 3022688958, 3022688958, 3022688958, 3022688958, 3022688958, 3022688958, 3022688958, 3022688958, 3022688958, 3022688958, 3022688958, 2913806098, 2913806098, 2913806098, 2913806098, 2913806098, 2913806098, 2913806098, 2913806098, 2913806098, 2913806098, 2913806098, 2913806098, 2685050632, 2685050632, 3018466710, 2330830179, 3019776259, 3017407922, 3017407922, 2792667713, 2792667713, 2792667713, 2792667713, 3017742911, 2908875336, 2908875336, 2908875336, 2908875336, 3016663917]","['CABOT', 'CABOT', 'CABOT', 'CABOT', 'CABOT', 'CABOT', 'CABOT', 'CABOT', 'CABOT', 'CABOT', 'CABOT', 'CABOT', 'CABOT', 'CABOT', 'CABOT', 'CABOT', 'CABOT', 'CABOT', 'CABOT', 'CABOT', 'CABOT', 'CABOT', 'CABOT', 'CABOT', 'CABOT', 'CABOT', 'CABOT', 'CABOT', 'CABOT', 'CABOT', 'CABOT', 'CABOT', 'CABOT', 'CABOT', 'CABOT', 'CABOT', 'CABOT', 'CABOT', 'CABOT', 'CABOT', 'CABOT', 'CABOT', 'CABOT', 'CABOT', 'CABOT', 'CABOT', 'CABOT', 'CABOT', 'CABOT', 'CABOT', 'CABOT', 'CABOT']","['AR', 'AR', 'AR', 'AR', 'AR', 'AR', 'AR', 'AR', 'AR', 'AR', 'AR', 'AR', 'AR', 'AR', 'AR', 'AR', 'AR', 'AR', 'AR', 'AR', 'AR', 'AR', 'AR', 'AR', 'AR', 'AR', 'AR', 'AR', 'AR', 'AR', 'AR', 'AR', 'AR', 'AR', 'AR', 'AR', 'AR', 'AR', 'AR', 'AR', 'AR', 'AR', 'AR', 'AR', 'AR', 'AR', 'AR', 'AR', 'AR', 'AR', 'AR', 'AR']",52
77845,"[3024418611, 2878263309, 3023899673, 2906440792, 2906440792, 3009690659, 2901647550, 2868810239, 2868810239, 2868810239, 2868810239, 2868810239, 2868810239, 2868810239, 2868810239, 2868810239, 2868810239, 2868810239, 2868810239, 2868810239, 2868810239, 2868810239, 2868810239, 2868810239, 2868810239, 2892622697, 2892622697, 3021255900, 3021255900, 3021255900, 3021255900, 2997321626, 2993477481, 2993477481, 3020533553, 3020532523, 2750218220, 2860973903, 2860973903, 2860973903, 2860973903, 2860973903, 2922711715, 2922711715, 3017968550, 2184083158, 2822605327, 3017692263, 2825222339, 2860139380, 2382788947, 2382788947]","['COLLEGE STATION', 'COLLEGE STATION', 'COLLEGE STATION', 'COLLEGE STATION', 'COLLEGE STATION', 'COLLEGE STATION', 'COLLEGE STATION', 'COLLEGE STATION', 'COLLEGE STATION', 'COLLEGE STATION', 'COLLEGE STATION', 'COLLEGE STATION', 'COLLEGE STATION', 'COLLEGE STATION', 'COLLEGE STATION', 'COLLEGE STATION', 'COLLEGE STATION', 'COLLEGE STATION', 'COLLEGE STATION', 'COLLEGE STATION', 'COLLEGE STATION', 'COLLEGE STATION', 'COLLEGE STATION', 'COLLEGE STATION', 'COLLEGE STATION', 'COLLEGE STATION', 'COLLEGE STATION', 'COLLEGE STATION', 'COLLEGE STATION', 'COLLEGE STATION', 'COLLEGE STATION', 'COLLEGE STATION', 'COLLEGE STATION', 'COLLEGE STATION', 'COLLEGE STATION', 'COLLEGE STATION', 'COLLEGE STATION', 'COLLEGE STATION', 'COLLEGE STATION', 'COLLEGE STATION', 'COLLEGE STATION', 'COLLEGE STATION', 'COLLEGE STATION', 'COLLEGE STATION', 'COLLEGE STATION', 'COLLEGE STATION', 'COLLEGE STATION', 'COLLEGE STATION', 'COLLEGE STATION', 'COLLEGE STATION', 'COLLEGE STATION', 'COLLEGE STATION']","['TX', 'TX', 'TX', 'TX', 'TX', 'TX', 'TX', 'TX', 'TX', 'TX', 'TX', 'TX', 'TX', 'TX', 'TX', 'TX', 'TX', 'TX', 'TX', 'TX', 'TX', 'TX', 'TX', 'TX', 'TX', 'TX', 'TX', 'TX', 'TX', 'TX', 'TX', 'TX', 'TX', 'TX', 'TX', 'TX', 'TX', 'TX', 'TX', 'TX', 'TX', 'TX', 'TX', 'TX', 'TX', 'TX', 'TX', 'TX', 'TX', 'TX', 'TX', 'TX']",52
58601,"[2760641681, 2760641681, 2760641681, 2760641681, 2760641681, 3023878856, 3023878856, 2913720936, 2913720936, 2913720936, 2913720936, 2913720936, 2913720936, 2913720936, 2913720936, 2913720936, 3023396037, 3023396014, 2997174032, 3023104782, 3017548048, 3017548048, 3017548048, 2929223021, 2929223021, 2929223021, 2929223021, 2992610161, 2897746813, 3017417991, 2879410333, 2879410333, 2436279571, 2436279571, 2436279571, 2436279571, 2864687151, 2828322718, 2828322718, 2828322718, 2828322718, 2828322718, 2828322718, 2828322718, 2828322718, 2871731728, 2960600494, 2960600494, 2960600494, 2960600494]","['DICKINSON', 'DICKINSON', 'DICKINSON', 'DICKINSON', 'DICKINSON', 'DICKINSON', 'DICKINSON', 'DICKINSON', 'DICKINSON', 'DICKINSON', 'DICKINSON', 'DICKINSON', 'DICKINSON', 'DICKINSON', 'DICKINSON', 'DICKINSON', 'DICKINSON', 'DICKINSON', 'DICKINSON', 'DICKINSON', 'DICKINSON', 'DICKINSON', 'DICKINSON', 'DICKINSON', 'DICKINSON', 'DICKINSON', 'DICKINSON', 'DICKINSON', 'DICKINSON', 'DICKINSON', 'DICKINSON', 'DICKINSON', 'DICKINSON', 'DICKINSON', 'DICKINSON', 'DICKINSON', 'DICKINSON', 'DICKINSON', 'DICKINSON', 'DICKINSON', 'DICKINSON', 'DICKINSON', 'DICKINSON', 'DICKINSON', 'DICKINSON', 'DICKINSON', 'DICKINSON', 'DICKINSON', 'DICKINSON', 'DICKINSON']","['ND', 'ND', 'ND', 'ND', 'ND', 'ND', 'ND', 'ND', 'ND', 'ND', 'ND', 'ND', 'ND', 'ND', 'ND', 'ND', 'ND', 'ND', 'ND', 'ND', 'ND', 'ND', 'ND', 'ND', 'ND', 'ND', 'ND', 'ND', 'ND', 'ND', 'ND', 'ND', 'ND', 'ND', 'ND', 'ND', 'ND', 'ND', 'ND', 'ND', 'ND', 'ND', 'ND', 'ND', 'ND', 'ND', 'ND', 'ND', 'ND', 'ND']",50
78660,"[3024392548, 3019587629, 3023767219, 3023256729, 3023004327, 3022803418, 2880119732, 2880119732, 2880119732, 2880119732, 2880119732, 2880119732, 2880119732, 2880119732, 2957884229, 2882516144, 2868351414, 2868351414, 2868351414, 2925957537, 2925957537, 2925957537, 2925957537, 2925957537, 2925957537, 2925957537, 2925957537, 3022014310, 2983226206, 2983226206, 3020401843, 3019927103, 3017831153, 3017831153, 3017831153, 3017831153, 3017831153, 3017831153, 3017831153, 2967992213, 2967992213, 2967992213, 2903271124, 2903271124, 2903271124, 2903271124, 2868199635, 2868199635, 2933865358, 3011136827]","['PFLUGERVILLE', 'PFLUGERVILLE', 'PFLUGERVILLE', 'pflugerville', 'PFLUGERVILLE', 'PFLUGERVILLE', 'PFLUGERVILLE', 'PFLUGERVILLE', 'PFLUGERVILLE', 'PFLUGERVILLE', 'PFLUGERVILLE', 'PFLUGERVILLE', 'PFLUGERVILLE', 'PFLUGERVILLE', 'PFLUGERVILLE', 'PFLUGERVILLE', 'PFLUGERVILLE', 'PFLUGERVILLE', 'PFLUGERVILLE', 'PFLUGERVILLE', 'PFLUGERVILLE', 'PFLUGERVILLE', 'PFLUGERVILLE', 'PFLUGERVILLE', 'PFLUGERVILLE', 'PFLUGERVILLE', 'PFLUGERVILLE', 'PFLUGERVILLE', 'PFLUGERVILLE', 'PFLUGERVILLE', 'PFLUGERVILLE', 'PFLUGERVILLE', 'PFLUGERVILLE', 'PFLUGERVILLE', 'PFLUGERVILLE', 'PFLUGERVILLE', 'PFLUGERVILLE', 'PFLUGERVILLE', 'PFLUGERVILLE', 'PFLUGERVILLE', 'PFLUGERVILLE', 'PFLUGERVILLE', 'PFLUGERVILLE', 'PFLUGERVILLE', 'PFLUGERVILLE', 'PFLUGERVILLE', 'PFLUGERVILLE', 'PFLUGERVILLE', 'PFLUGERVILLE', 'PFLUGERVILLE']","['TX', 'TX', 'TX', 'TX', 'TX', 'TX', 'TX', 'TX', 'TX', 'TX', 'TX', 'TX', 'TX', 'TX', 'TX', 'TX', 'TX', 'TX', 'TX', 'TX', 'TX', 'TX', 'TX', 'TX', 'TX', 'TX', 'TX', 'TX', 'TX', 'TX', 'TX', 'TX', 'TX', 'TX', 'TX', 'TX', 'TX', 'TX', 'TX', 'TX', 'TX', 'TX', 'TX', 'TX', 'TX', 'TX', 'TX', 'TX', 'TX', 'TX']",50
77450,"[3024186896, 2924591280, 3004094757, 3004094757, 3004094757, 3004094757, 2989153318, 3022814161, 3017665715, 3022607077, 2897790379, 3021151374, 3021151374, 3022396549, 3022284966, 2920669727, 2920669727, 2920669727, 2920669727, 2920669727, 2920669727, 2920669727, 2920669727, 2920669727, 2920669727, 2920669727, 2920669727, 2939574868, 2939574868, 2939574868, 3019051882, 3019051882, 3019051882, 3020187957, 2874128461, 2917453781, 2917453781, 2847899112, 2847899112, 3017967390, 2972945198, 2925741607, 2925741607, 2925741607, 2925741607, 2925741607, 2925741607, 2925741607, 2680034312, 3002773992]","['KATY', 'KATY', 'KATY', 'KATY', 'KATY', 'KATY', 'KATY', 'KATY', 'KATY', 'KATY', 'KATY', 'KATY', 'KATY', 'KATY', 'KATY', 'KATY', 'KATY', 'KATY', 'KATY', 'KATY', 'KATY', 'KATY', 'KATY', 'KATY', 'KATY', 'KATY', 'KATY', 'KATY', 'KATY', 'KATY', 'KATY', 'KATY', 'KATY', 'KATY', 'KATY', 'KATY', 'KATY', 'KATY', 'KATY', 'KATY', 'KATY', 'KATY', 'KATY', 'KATY', 'KATY', 'KATY', 'KATY', 'KATY', 'KATY', 'KATY']","['TX', 'TX', 'TX', 'TX', 'TX', 'TX', 'TX', 'TX', 'TX', 'TX', 'TX', 'TX', 'TX', 'TX', 'TX', 'TX', 'TX', 'TX', 'TX', 'TX', 'TX', 'TX', 'TX', 'TX', 'TX', 'TX', 'TX', 'TX', 'TX', 'TX', 'TX', 'TX', 'TX', 'TX', 'TX', 'TX', 'TX', 'TX', 'TX', 'TX', 'TX', 'TX', 'TX', 'TX', 'TX', 'TX', 'TX', 'TX', 'TX', 'TX']",50
